GROUP,PACKAGE,CLASS,INSTRUCTION_MISSED,INSTRUCTION_COVERED,BRANCH_MISSED,BRANCH_COVERED,LINE_MISSED,LINE_COVERED,COMPLEXITY_MISSED,COMPLEXITY_COVERED,METHOD_MISSED,METHOD_COVERED
CS410J Phone Bill Project,edu.pdx.cs410J.gharini,SameCallerAndCalleeException,3,4,0,0,2,2,1,1,1,1
CS410J Phone Bill Project,edu.pdx.cs410J.gharini,InvalidPhoneNumberException,3,4,0,0,2,2,1,1,1,1
CS410J Phone Bill Project,edu.pdx.cs410J.gharini,InvalidNumberOfArgumentsException,3,4,0,0,2,2,1,1,1,1
CS410J Phone Bill Project,edu.pdx.cs410J.gharini,TextParser,38,0,0,0,10,0,2,0,2,0
CS410J Phone Bill Project,edu.pdx.cs410J.gharini,TextDumper,87,0,0,0,26,0,2,0,2,0
CS410J Phone Bill Project,edu.pdx.cs410J.gharini,PhoneCall,0,42,0,0,0,13,0,5,0,5
CS410J Phone Bill Project,edu.pdx.cs410J.gharini,InvalidArgumentFormatException,3,4,0,0,2,2,1,1,1,1
CS410J Phone Bill Project,edu.pdx.cs410J.gharini,FileException,7,0,0,0,4,0,2,0,2,0
CS410J Phone Bill Project,edu.pdx.cs410J.gharini,FileHelper,437,0,42,0,115,0,28,0,7,0
CS410J Phone Bill Project,edu.pdx.cs410J.gharini,InvalidDateAndTimeException,3,4,0,0,2,2,1,1,1,1
CS410J Phone Bill Project,edu.pdx.cs410J.gharini,Project1,134,226,8,20,36,68,7,9,1,1
CS410J Phone Bill Project,edu.pdx.cs410J.gharini,Project2,357,0,28,0,103,0,16,0,2,0
CS410J Phone Bill Project,edu.pdx.cs410J.gharini,PhoneBill,6,17,0,0,2,6,2,2,2,2
CS410J Phone Bill Project,edu.pdx.cs410J.gharini,PhoneCallHelper,74,307,7,43,21,72,9,31,3,12
CS410J Phone Bill Project,edu.pdx.cs410J.gharini,InvalidOptionException,3,4,0,0,2,2,1,1,1,1
